4.396909516,7.867796034,6.798147069,4.076332611,6.53907363,7.405930816,7.439460522,6.441393737,7.937608733,8.183659715,8.218653256,7.224533963,6.346174023,7.102421634,6.581758796,1,1,0,3,0,0,40,12,0,11.833,0
6.475839764,6.263831722,4.333416348,5.584350713,4.628679214,6.598637095,4.393929884,5.960983177,7.17608044,7.22719563,5.08126587,5.347263802,5.580267465,7.309780372,7.82514512,1,1,0,3,1,1,51,26,0,11.833,0
3.771152182,7.805749018,6.73648467,6.310445558,5.087728747,6.524579815,5.473762234,6.623901082,8.691475806,8.611198889,8.893668441,7.286305258,7.199002828,6.370803921,7.839142273,1,0,1,3,1,1,80,24,2,3.583,0
5.384567335,7.891072388,5.935467627,6.978214328,5.82701149,6.097834514,5.71577881,4.904931845,6.541978588,7.111832777,7.578141923,6.277225312,4.837365684,7.453566741,7.919497189,1,1,0,2,1,1,74,20,0,11.667,0
3.753437997,7.905003865,6.383082766,6.707378325,5.923962169,6.725410824,7.516254189,6.558734567,8.14432324,8.654356392,7.99546991,6.873416973,5.554793843,6.821320092,7.461556382,1,1,0,3,1,1,41,33,0,7.167,1
3.882880838,8.077510265,7.420718223,6.280240145,6.588991065,6.790445458,8.992603582,6.600447395,7.896034149,8.401484903,8.33482441,7.87617384,6.049553159,6.669215304,7.815643604,1,1,0,3,1,1,57,22,0,4.667,1
5.873741783,7.665481712,7.239919214,4.834536643,5.904799313,7.848800385,7.455237714,6.408497262,7.702424905,8.613865069,8.379393842,7.386473364,5.090069422,6.717315158,7.217790458,1,1,0,2,0,0,68,6,0,11.5,0
3.901061333,7.327490475,7.161376925,6.417738825,6.308368937,7.995490205,7.827537413,6.971007186,8.036325692,8.742193364,9.254848297,7.81532325,6.629349394,6.808596581,7.281690312,1,1,0,3,0,0,93,29,2,2.167,0
6.752298941,5.297962264,5.867592784,6.347697589,6.117911484,5.910043413,5.764397857,6.21552547,7.478095568,7.016007159,7.538069076,6.70517796,5.396085842,7.2522105,7.641422388,1,0,1,2,1,1,40,21,0,11.5,0
4.07113879,7.659368366,7.529112889,6.30379245,6.496267386,7.534613144,8.483837634,5.830848303,7.786019989,8.735468954,9.088335769,7.380900468,6.516867256,7.056524533,7.234023432,1,1,0,3,0,0,71,24,1,5.083,0
4.437616117,5.494455058,6.929280945,5.558331641,5.479123278,7.67796725,6.395135279,6.442440817,8.256695873,8.640211437,7.123514501,6.723457355,5.938710012,7.023220171,7.155444262,1,1,0,3,0,0,71,18,0,11.417,0
4.886623506,7.960773683,7.418568098,5.536871935,6.692970711,4.911327023,8.090921246,6.444849452,7.97587026,8.579700369,7.840856043,7.449085544,6.348655324,7.036064203,7.601747725,1,0,1,2,1,1,57,14,1,11.417,0
3.963731955,8.096238265,6.4479012,6.126560054,6.561752085,7.494286919,7.596312536,6.962562112,7.642122553,8.761560309,8.191223301,7.418846056,6.0623448,7.107760317,7.583134726,1,1,0,2,0,0,62,23,0,11.333,0
4.618430046,7.900149185,6.362965957,6.557236584,6.339569161,7.75757057,7.49275517,5.022285535,8.313097363,8.502298299,8.087244714,7.483240581,5.874969332,7.099170882,8.59291242,1,0,1,2,1,1,86,46,1,1.417,1
4.511620147,7.473676047,8.080973547,6.137515378,6.776531314,8.381134237,7.879849387,7.257438855,7.955675623,8.761340889,9.144705203,7.987216431,6.45166271,5.167984847,8.358944253,1,1,0,2,1,1,29,23,1,0,1
3.99811843,7.307131087,6.171641621,6.796562849,6.403937599,7.02604725,4.981049408,7.039060102,7.894454926,7.288460637,7.761632411,6.994224039,5.76747521,7.506980096,7.046023801,1,1,0,3,1,0,77,22,1,3.583,0
3.875430094,7.742302615,6.676566763,6.240451347,6.6525807,6.892956758,7.492812798,6.126802489,7.664918899,8.468940362,8.136618171,7.74544101,6.257682417,6.847188036,7.618161529,1,1,0,1,1,1,61,31,1,4.167,1
3.879009594,7.942634995,7.511375947,6.599435507,6.431858388,7.264742841,8.355554709,6.532490164,8.213485906,8.901081302,8.911533636,7.876893105,6.997190841,7.157778269,8.535965005,1,1,0,2,1,1,67,22,2,0.083,0
3.871615525,7.346242958,7.059112822,6.332155806,4.216037555,7.010835341,6.669768571,6.382014602,8.127846094,8.260830435,7.677373441,6.897644773,6.307877931,7.10865954,7.687039342,1,0,1,2,1,1,70,18,0,10.083,0
4.602532663,6.987642767,7.413643071,6.677878021,6.42729019,6.522436543,8.097105427,6.750145572,7.937159158,8.923267998,7.502482311,7.890291411,6.131304569,6.945844367,7.911675607,1,0,1,3,1,1,50,65,1,1.167,1
3.786550098,7.353809161,6.944224715,6.43384729,6.135990254,6.270649318,7.465788387,6.385332019,7.515720428,8.256862768,8.206865302,7.474693028,6.229509195,6.928243858,7.992571739,1,1,0,3,1,1,28,45,1,10.75,0
4.080117921,7.888524216,6.50236884,4.85653724,5.767437482,7.112594053,7.283466379,6.359245612,8.0948607,8.395300715,7.610175708,6.979485326,5.646837077,6.896896895,8.192302516,1,0,1,2,1,1,68,22,0,10.667,0
3.882076653,8.277322301,6.693723544,6.994872308,6.646233275,7.079880173,7.237052179,6.553767766,7.796402132,8.082156014,8.534883959,7.258801187,6.589208831,7.282505972,8.119053915,1,1,0,2,1,1,61,35,1,3.583,1
4.074456885,7.419891614,6.848135485,6.393795379,6.391508531,6.920372693,7.389481051,4.234038299,7.455755255,7.433778554,8.57013428,7.479596168,6.399633248,6.876281221,7.99102148,1,0,1,2,1,1,64,18,0,10.583,0
4.07082599,8.146722952,7.967385991,5.893587648,6.787230576,7.34868374,6.425862234,6.34103526,7.953055332,8.75189369,8.353139124,7.584966725,6.80696711,6.59766708,7.188259917,1,1,0,2,1,1,76,45,1,1.083,1
4.335516562,7.6011038,6.220874958,4.315987796,6.080362652,7.059160666,7.39949974,6.257943826,7.69611214,7.913277871,7.849547041,7.496844409,6.49800682,7.161811761,7.192670346,1,1,0,3,0,0,75,18,0,2.667,0
4.045876072,7.746375092,7.533610818,6.479580105,6.707314113,7.214562359,7.82647911,6.452849699,7.620580476,8.524931059,8.742293134,7.895187907,6.593955085,6.670669933,7.723167733,1,1,0,2,0,0,57,32,1,2.75,1
3.770767123,5.467426439,6.016434037,6.727149546,5.763530703,7.49180691,6.454521413,5.406873061,7.428754662,8.24514735,7.992642142,7.471086546,5.716791362,7.027893533,8.180567219,1,1,0,2,1,1,58,21,0,10.417,0
4.221482986,5.283981804,6.5186853,6.224559785,6.468605656,6.324681267,6.411278713,4.76808282,7.872463043,7.848552349,8.300554154,7.939647252,5.662251549,6.761967318,7.088268699,1,1,0,2,1,1,32,15,0,10.333,0
4.073731006,7.645069489,5.734232485,6.788587116,6.292383945,6.543699959,7.24128411,6.26238164,7.632480065,8.804198128,8.067376289,7.088060568,6.101226743,7.081946488,7.479686324,1,1,0,3,0,0,46,25,1,0,0
5.024825061,6.935948943,6.725856238,7.014100464,6.134268963,6.503329278,7.448374672,6.630194396,7.472176072,8.015747082,8.306762622,7.385593211,5.6291845,7.121451266,7.050613182,1,1,0,3,1,1,50,19,0,10.167,0
4.955005868,7.794800142,5.397624784,6.554090153,6.220168696,7.00075691,5.94974872,5.832359148,7.649731782,7.74955017,7.748002244,6.487277865,5.035281313,7.23867732,8.454012824,1,0,1,1,1,1,48,18,0,10.083,0
4.156560582,8.083070048,6.454410288,6.445708263,5.865674885,6.349481277,6.837406325,6.421365961,7.770949671,8.032702627,9.685923496,6.727638472,6.563101896,6.835026395,7.168741968,1,1,0,3,1,1,37,20,1,10,0
4.979193646,8.022218958,6.983542162,5.99767246,5.731835167,7.580381972,7.228929151,6.908034491,7.759981842,7.897367708,8.037449439,7.634364041,6.262236384,7.085189994,8.151162449,1,1,0,3,0,0,84,42,0,0.917,0
3.838642847,7.980752374,7.034002727,5.752817633,5.752445324,7.419685952,7.311753009,6.772605301,7.834343572,8.294595277,8.16998603,7.627483115,6.028311832,6.863061027,7.731211009,1,1,0,2,1,1,74,32,0,9.917,0
3.785760741,6.81343457,7.444475111,6.014848505,6.963350249,7.627318399,7.788132277,5.657770015,7.725977381,8.75629388,7.60085922,7.488949289,6.09511845,7.085784733,7.441798409,1,1,0,3,0,0,37,23,0,9.917,0
3.92172038,8.031508028,7.161551712,6.122953851,6.581305511,7.381051979,6.451381613,6.310074078,8.234616229,8.961841753,9.050917495,7.257963363,6.703778308,6.660046083,7.883323608,1,1,0,2,0,0,38,21,0,5.25,1
3.778322134,7.516151487,8.04957588,6.610327633,6.778156074,8.121890338,7.726201541,6.46058413,8.233040669,8.642590082,8.637066716,8.021913288,6.62194551,6.39718806,8.228591168,1,1,0,3,1,0,70,32,1,1.75,1
6.951834327,4.64723909,5.041170629,5.804866376,5.901324603,7.338212715,6.394367157,4.98730425,7.474490714,8.097328638,7.783460188,5.94850745,4.36695589,7.021183898,7.155877119,1,1,0,3,1,0,65,28,1,10.167,0
4.218118522,7.992496755,7.37778523,6.399648137,5.887835564,7.034142488,8.18621316,6.972879055,8.121847383,8.602284594,8.071673063,7.637739784,6.55661136,6.958169793,7.857636028,1,1,0,3,0,0,38,30,0,9.583,1
3.913167272,7.6520479,6.646937925,6.182249299,6.127603028,7.125956588,7.059186318,5.602852553,7.834296565,8.302369801,8.118247337,7.013454531,6.066957766,6.874863818,7.873013623,1,1,0,3,1,0,73,15,0,10,0
4.183392536,7.76268703,6.779915589,6.438875282,6.83186656,7.467589829,7.347095272,6.582693954,7.898749632,8.16816395,8.14616507,7.171650162,5.533223495,6.829717031,8.146799759,1,1,0,3,1,1,74,22,1,0.083,1
4.036510343,7.704344915,6.285769434,6.585744063,6.491731339,7.101657267,6.835311726,6.50141546,7.706939246,7.74691238,8.245777686,7.200401243,6.278491663,6.88873386,7.411114005,1,0,1,2,1,0,47,22,1,9.583,1
3.650631657,8.042802499,6.801042568,6.268083006,6.495915925,7.117858843,7.676169091,5.94015873,8.017587884,8.781887288,8.194364835,7.534969338,6.500164372,7.158953065,8.092549445,1,1,0,3,0,0,68,14,0,12.583,0
4.656330012,7.77456677,6.958869359,6.411903976,6.004000082,6.985067402,7.731498732,6.318275905,7.428017062,8.14962763,8.441190114,7.873395343,6.30615473,6.86269325,7.596490503,1,1,0,2,1,1,37,26,0,5.5,1
3.958582698,8.103777624,6.509906205,6.544339461,6.521181334,6.855111126,7.184521021,6.899856106,7.908883167,8.515092862,8.580963518,7.502676923,6.600578181,6.696577745,8.740153639,1,1,0,3,0,0,77,24,0,0.333,1
4.09349987,7.496475567,6.783084354,6.065542876,7.171322486,7.503414214,7.124605409,5.378196075,8.113325,8.064394455,8.596744108,7.372156314,5.141336228,6.837396888,7.876536118,1,1,0,2,1,0,61,28,0,12.417,0
3.711897861,8.392638296,7.285863442,6.003403578,6.205923816,7.413040019,7.690317562,5.741964364,8.127638313,8.41441494,8.36726106,7.335873124,5.742488459,5.790399687,8.441090538,1,1,0,3,1,0,48,35,1,1.417,1
3.900709651,7.73631747,6.845501225,6.345799422,6.619382958,5.948923304,8.118283278,6.166214144,7.97255465,8.83433003,8.301543874,8.038853324,6.505122348,7.125308737,8.054405841,1,1,0,3,1,1,62,50,1,12.417,0
4.358390131,8.186022817,6.593823004,7.045869275,5.860802425,6.729904665,6.854447307,5.954360196,7.532437541,8.306179833,8.287952828,7.522177919,5.962000517,6.825143666,7.038893783,1,0,1,3,1,0,81,65,1,2.083,0
4.051301491,7.910631179,6.917381149,5.800845594,5.709902029,7.093278039,7.1349132,6.266077236,8.212761736,8.111372797,8.190196319,7.271785974,7.175253963,7.128532679,7.840539882,1,1,0,3,0,0,65,25,1,0.833,0
3.958482984,7.953826539,7.160740989,6.537376657,6.394728714,6.77103114,7.679393551,7.15993173,7.781053906,8.239570648,8.630866983,7.996330857,6.064789877,7.095752563,8.177377148,1,1,0,2,1,1,52,19,1,4.583,1
4.045408504,8.072453631,6.393523072,6.688837995,5.701502465,6.861911361,7.178001817,6.322605357,7.505785125,8.42966677,8.416142773,7.359476674,5.904475346,7.273653815,7.963994691,1,1,0,3,1,1,72,27,1,2.583,0
4.595505965,7.889430895,6.467351491,6.002097685,6.045265802,7.132336594,6.879771896,6.690873958,7.729289841,8.531101176,8.51302454,7.491927516,6.324652203,6.861333153,7.76126446,1,1,0,2,0,0,61,24,0,12.167,0
5.308855363,8.034758373,6.399094671,6.137920968,4.650260274,7.31483071,7.335520395,5.635767366,7.811810804,8.120505653,7.768771276,7.593396667,6.787963355,7.255343963,8.050911653,1,0,1,1,1,1,82,19,0,10.5,0
4.19495306,7.240309318,7.198923049,6.327445171,6.562537097,6.384063876,7.251563918,5.807566056,8.157891645,7.711552252,8.014585319,7.08675571,5.842600219,7.043031563,7.475371494,0,0,0,1,1,0,68,9,0,11.833,0
4.947273295,7.64495097,8.093699107,6.388954634,6.246520531,7.040059801,7.407423767,6.140112794,7.907240954,8.53048618,8.6498038,7.811467416,6.435616676,7.010768382,7.930475417,0,0,0,1,1,1,46,13,0,11.75,0
3.908119457,8.095560928,6.61824098,6.311033821,7.043489674,7.475010598,6.725407708,5.882358795,8.028694262,7.578697947,7.970650716,7.039967182,6.541945099,6.925046292,7.470340587,0,0,0,1,1,1,37,60,0,6.917,1
4.108864607,7.801509047,7.133329243,4.375450189,6.680703024,6.909825646,7.574240205,6.729207559,7.778431213,8.201986671,8.269905657,7.13367672,6.399301627,7.352739749,7.756355991,0,0,0,1,1,1,70,50,0,11.333,0
6.12422713,8.291000108,6.932052789,6.232642582,6.301005105,7.235579978,7.233036113,6.319620042,7.707182691,8.692304761,8.440847077,7.115444328,6.160344692,6.761866505,8.183178927,0,0,0,2,1,1,61,24,1,1.5,1
3.900571143,7.245509661,6.274960738,5.83884387,6.117825386,7.029303841,6.718997187,6.76335944,7.700374984,7.920171438,7.99631826,7.433613978,5.933379,7.080564894,7.691207544,0,0,0,3,1,1,38,32,0,5.5,0
4.312440724,8.119325233,6.612234777,5.85047197,6.075708959,7.223350781,7.174574902,6.754247172,7.815532093,8.44390988,8.377955776,7.342543344,6.73262594,7.220117221,7.144442966,0,0,0,1,1,1,67,12,1,11.167,0
4.984784341,7.358320902,5.87088415,5.672884543,5.962403307,6.286896636,7.122909869,6.235663139,7.874201879,7.994586207,8.18822247,7.075634967,6.743393307,6.953794685,7.666864355,0,0,0,2,0,0,69,18,0,7.417,0
6.064169627,7.781656869,6.719116087,5.627570379,6.688493547,7.423491492,6.880145452,6.33212601,8.027811635,8.332433816,8.37622884,6.978520815,6.026255321,6.408777319,8.088539487,0,0,0,2,1,1,34,16,0,11.583,0
4.64606521,6.942784496,6.597411406,6.066994061,6.278716486,6.642778026,6.677188743,5.832248258,7.807678264,7.836688785,7.749119557,6.908777681,5.764665633,7.117636201,8.009047003,0,0,0,2,1,1,79,19,0,11.167,0
4.410695806,7.575181278,6.384928296,5.919658939,6.288961,7.695120945,6.787835971,6.478758329,7.636173247,7.214243076,7.229738907,6.705630282,5.128057182,7.158037234,7.115780773,0,0,0,2,1,1,46,21,0,9,1
7.409696601,6.395261213,6.005055601,6.789675171,6.250802338,6.960653963,5.535537183,6.073042178,7.494920478,6.88729138,7.539428776,6.513207609,6.306732055,6.998272025,6.536159828,0,0,0,1,2,0,71,12,2,4.583,0
4.625042918,7.86267335,6.959998054,6.508589773,7.359823509,6.731598581,7.913070334,7.089117946,8.038744584,8.04601462,8.311103684,7.819777067,6.255742451,6.98786426,8.515324152,0,0,0,2,1,1,73,18,1,5.583,1
3.842218968,8.183624864,7.097712046,6.123166767,6.451925091,6.76669213,7.379227498,6.519780435,7.878617568,8.824185154,8.574982667,7.637545759,6.44236522,6.798528392,7.96055624,0,0,0,3,1,1,59,26,1,5.833,1
3.756467222,8.127881951,7.455109555,6.374097665,6.431628233,6.822336847,7.822672646,5.794767431,7.84440942,8.246907838,8.350592882,7.043682824,6.209785854,6.970627006,8.543894146,0,0,0,2,1,1,63,28,0,8.25,1
3.585619331,8.453482489,6.537398378,6.32032743,6.744433595,6.929489594,8.326273996,6.846183365,7.903105958,8.554294863,8.247278063,7.490065806,6.631297827,7.090827,7.033414883,0,0,0,1,1,1,64,26,0,11.5,0
4.320929657,7.900674618,6.355631155,6.121823544,6.582886394,6.44596741,6.514497618,6.690781763,7.511496633,7.501217955,7.095538123,6.966475352,5.462673956,7.061069962,7.878448852,0,0,0,2,1,1,54,17,0,11.5,0
4.122309613,7.191532049,5.99580205,6.752547698,4.77090445,6.548414899,6.504973446,6.38520872,7.546025635,8.110799818,8.009064065,7.464217437,5.991202361,6.982302486,7.877247651,0,0,0,1,1,1,65,23,1,11.5,0
3.659249306,7.642994847,7.144703759,6.865593019,6.038339552,7.173799132,7.933120176,7.057056161,7.744650195,8.017918227,7.668399449,7.839060015,6.13790915,6.779518819,7.137141736,0,0,0,3,1,0,84,28,0,0.333,1
4.541999815,7.598037493,5.962153428,5.296361411,6.614555964,6.862031815,7.7086515,6.150351611,7.970998693,8.501503531,8.424302068,7.535413199,6.163443502,6.919020342,7.685887848,0,0,0,2,1,1,67,25,0,10.833,0
3.851870003,7.796466499,6.36495519,6.426900274,6.375393243,7.130230264,7.497766074,6.105257204,7.742088926,8.478405584,8.318093046,7.428401022,6.089083276,7.057765163,6.962531368,0,1,1,3,0,0,67,27,0,11.5,0
4.623148877,6.642938249,5.410861935,7.340506183,5.905541634,5.963337499,3.900372915,6.147566695,7.421242827,8.279712159,7.498312766,6.44780806,5.743680126,6.980044337,7.364850427,0,1,1,2,1,1,73,18,0,11.417,0
3.99900359,7.610949696,7.461722134,6.40516086,6.76834297,7.122194322,6.58473395,6.396410079,7.861837963,7.042438343,8.357765367,7.429148534,6.156040551,6.899096325,8.06248886,0,0,0,0,1,1,71,26,1,2.917,1
3.844667492,8.094664176,6.379001318,5.958895865,6.51123208,7.399721938,7.662402095,6.64866671,8.132566578,8.603471239,8.282123374,7.350084219,7.012433057,7.156666679,8.069660988,0,0,0,2,1,1,61,20,1,10.833,0
4.001421308,7.481772222,6.294864952,6.364715823,6.445366363,7.1905408,7.256471785,6.450574771,8.132197501,8.273116236,8.105708371,7.435050932,5.252079673,7.15215244,6.814337896,0,0,0,2,1,1,55,35,1,11.417,0
7.240729392,7.100882719,7.309358032,6.090014775,6.403790145,7.576850762,7.985260879,7.464448688,7.579970218,8.318420163,7.563455433,7.505568171,5.563132525,6.694918746,7.236423332,0,0,0,2,1,1,57,15,0,11.417,0
5.326383641,7.998520577,7.050159082,6.483934253,6.302693872,6.756037555,7.582481547,6.321568931,7.622916215,8.380980358,8.317056621,7.005310543,5.990743888,7.250665381,7.792444749,0,0,0,2,1,1,83,18,0,2.083,0
3.777761783,7.588697593,6.546416702,6.665523428,6.41855215,7.056754077,6.455406937,6.850003551,7.847872593,8.120973403,7.822057603,7.085599382,6.371734779,6.613744121,7.330101768,0,0,0,2,1,1,52,9,1,4.583,1
4.247592689,6.674259017,4.635135655,7.269045967,6.001349213,7.248027819,4.231984208,5.339390561,7.081330284,8.245521728,7.427140744,7.34953088,5.686761262,7.043166721,8.090727395,0,0,0,1,0,0,57,13,0,11.417,0
3.769574419,7.774143595,6.571600882,6.413240835,6.713989533,6.027308413,7.106840179,5.637824376,7.423697162,8.092960505,8.884576636,7.262495435,6.101523563,6.961377589,7.364893204,0,0,0,1,1,1,70,12,0,11.417,0
5.932035952,8.080278888,7.050962784,5.470427762,5.980116614,7.256581298,6.684849625,7.559927871,7.845620886,9.014969869,7.988888979,7.246534052,5.393922335,7.151853707,6.91647266,0,0,0,2,1,1,69,7,0,8.5,0
4.186482154,7.708840217,6.715085087,6.20975669,6.222794721,7.172403509,5.652043279,6.495225996,7.161716321,7.709789915,7.57971134,6.986102481,5.227331683,6.917916163,6.778530434,0,0,0,2,1,1,83,50,0,4.417,0
4.789663808,7.646979045,6.59977893,6.076861794,6.643314999,6.903828186,7.152435818,5.106174707,7.501402113,7.739974939,7.676158774,7.096563332,5.513084995,7.295185314,8.084847297,0,0,0,1,1,1,73,14,0,5.5,0
5.062988024,7.930788466,5.955707615,6.448543396,7.135069822,6.984203929,7.049143232,5.890839047,7.722333685,6.90977178,8.218329993,7.152984587,4.904302435,7.260627845,7.397237489,0,0,0,2,1,1,69,13,0,11.417,0
3.983992239,7.450669496,7.108442149,6.436950527,6.69806584,7.148366819,7.125243366,6.276693944,7.954231569,8.136005798,7.718289708,7.067932317,6.120543697,7.271230208,7.998653285,0,0,0,3,1,0,73,33,1,10.75,0
4.561715752,7.723202706,7.032313146,6.225248502,6.141444802,7.729465275,7.845801027,7.704691893,7.597946557,8.694617813,8.295503455,7.471179487,6.310796596,7.119767219,6.778211326,0,0,0,1,1,1,49,8,0,11.333,0
3.940500578,8.196547464,7.112354734,6.029734101,6.540646352,7.146744945,7.834528062,7.114867512,8.133177458,8.859754206,8.528667175,7.361668279,6.215795627,6.618826475,8.17985992,0,0,0,2,1,1,74,23,1,2.333,1
4.522890256,7.834446762,7.011334843,5.56855563,6.139841285,7.195249258,7.782432182,6.501065405,7.8835079,7.144501152,8.307115749,7.78400733,5.562623077,7.073783546,8.040292018,0,0,0,2,1,1,65,22,1,11.333,0
3.96416813,8.216170037,6.921371563,5.974897423,6.604322957,7.437687082,7.615256045,6.233554986,7.739761864,8.346571968,8.265590298,7.145764283,5.857622643,7.02463537,8.30040488,0,0,0,2,1,1,90,45,0,5.333,0
3.725879261,8.090604123,7.821324734,6.239190076,6.610363145,7.263930848,7.639271984,7.216360401,8.109427028,7.904957227,8.863196141,7.687862245,7.129343096,6.763255925,7.428479927,0,0,0,2,1,1,57,14.11,0,11.333,0
3.821821912,7.914858644,7.508763165,6.073794658,6.539774331,7.817159521,8.296578403,6.305669086,8.064097827,8.171257699,8.756583147,7.636440933,6.410137912,6.774871703,8.09167078,0,0,0,2,1,1,80,15,0,4.333,1
3.771417778,7.864156735,7.409058015,6.175601003,6.971037078,7.047210199,7.912796228,6.929104435,7.650630724,7.84520718,8.641375282,7.693660027,6.095399149,6.951954361,8.121991943,0,0,0,2,1,1,70,25,1,4.083,1
3.754940916,7.519586804,6.846745518,6.552559978,6.053312911,7.490324724,7.695568055,6.673579742,8.124144526,8.661656544,8.453332222,8.05694218,5.91821226,6.696610196,7.381280637,0,1,1,2,1,1,62,18,0,7,1
3.647714652,7.270733272,6.138517799,6.437232374,6.280184836,7.232736378,6.793312392,6.770972428,7.143102137,8.127614945,8.037069491,6.767376124,5.93792185,6.972207283,7.668312739,0,1,1,3,1,1,42,23,0,11.25,0
3.899882158,7.893551012,7.11153319,6.071350706,6.516187724,7.430584485,8.039435722,6.771754951,8.399660988,8.570690403,8.690166816,7.854638033,5.981421236,6.755076279,7.74105214,0,0,0,1,1,1,72,16,1,11.25,0
3.929875934,7.388395878,6.914163131,6.58906205,6.124909806,7.539416972,7.331395906,6.955661208,8.279715261,8.667929469,9.299973421,7.608344592,6.374296768,6.864641162,7.565485485,0,0,0,1,1,1,74,11,0,5.75,0
3.767195459,7.804583118,6.302153379,6.280871685,6.295775284,7.430664262,7.007332526,6.472151049,7.624994929,8.406669539,8.371329347,7.507849773,6.374857937,7.267255854,7.809317953,0,0,0,2,1,1,46,60,1,0.417,1
4.176325944,7.913545431,6.803269828,6.048986035,6.349202086,7.015035622,7.251983196,5.925272329,7.553304686,7.925644522,8.193291471,7.435167556,5.633900163,7.009365815,7.663352403,0,0,0,2,1,1,77,25,0,6,0
5.97030148,7.657620887,6.525256599,6.183435323,6.803310169,5.998701932,7.950458867,6.571559284,7.164611345,8.402641175,8.096783826,7.799978549,5.934478701,6.998654089,7.26378465,0,0,0,1,1,1,41,18,0,11.167,0
3.762668651,7.952062049,7.094992653,5.969045464,4.508287963,7.994690413,8.02136208,7.125346078,7.728467574,8.506066105,8.154771894,7.918916132,6.254986924,7.089678546,8.668485249,0,0,0,2,1,1,82,16,0,7.417,0
3.653991761,7.799746611,7.730501649,5.533608237,6.509050045,7.073252675,7.626251147,6.785369277,7.760759904,8.445081929,7.825576803,7.498189036,6.333263236,6.996388746,7.751175457,0,0,0,2,1,1,66,8,0,4,1
3.831727117,7.746294655,6.035597133,6.349888095,6.696936018,6.234893213,5.960210401,6.114751229,8.000010885,8.820817341,8.431306049,7.078088208,6.068551353,7.355295414,8.112327519,0,0,0,2,1,1,83,25,2,1.917,0
6.531808302,7.928741127,6.662694489,6.1899295,4.556610801,6.860157444,6.34062038,6.692534158,7.667400592,8.728983726,5.056218097,7.960019895,5.563733725,6.616003264,7.91918963,0,0,0,1,1,1,70,2,0,7.25,0
7.229688902,5.171848519,4.441942547,6.418139389,4.964555374,6.443444781,4.407374601,7.080307671,7.313720295,7.228309795,7.223464287,6.831526505,4.53754099,7.443158196,6.705887286,0,0,0,1,1,1,34,20,1,11.083,0
3.963669969,8.650420797,6.496682722,6.254302712,5.529895786,7.061001159,6.894861651,6.080820521,8.038245703,8.564471255,7.984880794,7.573007978,6.350628638,6.893358973,7.621744895,0,1,1,3,0,0,51,28,1,11.083,0
3.773052078,8.543374371,7.26753928,6.808239852,6.481733256,7.08235717,7.48175073,6.254122097,7.757747261,8.177403479,8.811951336,7.393522657,6.570532562,6.635205735,8.101259677,0,0,0,2,1,1,60,24,1,10.833,1
6.395183412,7.328070467,6.959811882,5.938468273,5.900649949,6.407663216,6.152065661,6.86662097,7.801355853,8.254451571,8.043585828,7.702473562,6.29085229,6.57419131,8.265482632,0,0,0,1,1,1,63,10,0,11,0
4.917519473,7.518032129,6.806363883,6.229595919,6.071451284,7.069563144,6.941327948,6.585001215,8.066832335,8.543376668,8.749221934,7.411837486,6.575523939,6.979060236,8.488078882,0,1,1,2,0,0,60,14,0,11,0
3.743020591,7.813551542,6.353453009,6.205473964,6.228094816,6.978133371,5.869709361,6.165239618,7.799931624,7.970145809,7.658638999,6.529622102,5.9183379,7.097694551,8.004604688,0,0,0,2,1,1,68,19,0,10.75,0
3.943060954,7.834921209,7.280233829,5.964885858,6.212944373,7.188011166,7.712196489,5.025621801,7.774261787,8.154175672,8.012263689,7.915209092,5.956025548,7.053594215,7.580793358,0,0,0,2,1,1,59,27,0,11,0
4.397196116,8.007811167,6.019530622,6.294981154,4.878605228,7.01201911,6.709114298,6.06354934,7.79902511,7.582933631,7.272539708,6.811859231,5.755604121,7.109277262,6.927917872,0,0,0,1,1,1,73,8,0,7.917,0
4.145297188,7.371658067,6.553714151,6.651150775,5.841483454,7.729333597,7.708911382,7.216108624,7.926768655,8.766052924,8.180059528,7.513737746,6.473399857,7.197972574,6.955433952,0,1,1,2,0,0,68,16,1,10.917,0
4.356717285,7.559327947,7.517614788,6.151440758,6.119805951,7.43347168,7.259034672,6.438536429,7.743692532,8.367419103,8.412046554,7.728484819,6.434497776,6.604511629,7.681752313,0,0,0,1,1,1,87,18,0,3,0
3.793919399,6.721361296,6.63972469,4.809844069,5.740071824,5.407561629,6.047932663,5.485058004,7.40942791,7.653745849,6.446989091,7.039332565,5.551809085,7.063533477,7.522911627,0,0,0,1,1,1,65,14,0,10.917,0
6.570355214,6.125817322,6.555069614,6.497105584,4.819057484,6.66030367,5.655210486,4.96730668,7.520476349,7.395477332,7.850794683,6.864676535,5.724575404,6.984151336,7.885373777,0,0,0,2,1,1,44,16,0,10.917,0
3.650729116,8.018394409,6.20376356,6.372800381,5.605645687,6.732211071,7.09772812,6.194067419,8.08545971,8.308927584,8.318470403,7.5642786,5.994599811,6.901945453,7.893140566,0,0,0,2,1,1,74,20,0,10.917,0
6.667933679,7.016564001,6.455680021,6.467245532,5.29705401,7.332085258,7.61326709,6.46792067,7.760342526,8.536562713,7.941867965,6.951451121,6.158375624,6.470433599,7.404093323,0,0,0,2,1,1,54,23,0,10.917,0
3.907840751,7.594203728,5.927530669,6.869716393,6.086618948,7.014146699,6.609911474,6.386545452,7.842403557,8.225487047,8.258218882,7.397072001,5.880117692,6.583599442,7.715224078,0,0,0,3,1,1,47,20,1,10.917,0
4.795203338,7.895163982,7.667560168,6.206053503,6.113150121,6.625768339,7.353046463,6.470345123,7.504587234,7.763741816,7.724077702,6.787920094,4.883616025,7.377022618,7.072379097,0,0,0,2,1,1,53,24,1,10.917,0
3.987073118,7.980707683,6.937584123,5.654393774,6.306564333,6.494357456,7.415591038,5.108053018,7.931135552,7.764117177,8.463869273,7.26943147,4.983030903,6.730502641,7.323300294,0,0,0,2,1,1,72,10,0,10.833,0
3.894703697,7.829376821,6.676165245,5.229430716,6.285977262,7.557679048,7.348996527,6.559049254,7.902107279,8.539274979,8.285253062,6.669386988,5.593122066,7.078276192,8.583148213,0,0,0,2,1,1,51,40,1,10.833,0
3.89433,7.860278557,7.879742599,6.092863862,6.076892407,7.547699286,7.563934658,6.323180179,7.858771577,7.711646213,7.856519643,7.16673254,6.732697762,7.535085682,8.342808491,0,0,0,1,1,1,70,12,0,10.583,0
3.932989882,7.268717225,5.897250045,6.743598653,6.264493521,7.4079965,6.884538454,6.264648476,7.9983327,8.487231055,7.733419808,7.660003648,6.681853636,6.850641008,7.642688472,0,0,0,1,1,1,59,22,0,4.417,1
4.634398099,7.521780359,7.086562003,5.461812734,7.15585393,6.88406239,7.086184391,5.941217443,7.556051157,7.92656242,8.130921774,7.636446452,6.155306362,6.904628327,7.224881981,0,0,0,2,1,1,80,18,0,6.417,0
3.983374784,7.810649217,6.548901042,6.319105881,6.066588054,6.917119719,7.709752539,6.71524468,8.021026375,8.56561804,8.821286339,8.227532594,6.984168481,7.234633356,7.301002794,0,0,0,1,1,1,59,10,1,10.833,0
3.683032738,7.983586267,7.70299416,6.531147051,6.727144367,7.148092745,7.988815868,6.181409881,7.93584305,7.344020504,8.706559459,7.952930068,6.655409831,7.255194292,7.973109278,0,0,0,1,1,1,80,14,0,10.833,0
3.978727398,7.736852175,5.938056224,6.724089899,4.639239452,6.324084512,6.334297376,6.363853357,7.757016652,8.211621566,7.77016541,6.872850973,6.002322928,7.445517465,8.395122033,0,0,0,2,1,1,45,42,0,10.833,0
4.6179438,8.312123722,7.047171627,5.775004179,6.697417832,7.370145198,7.364556058,6.405341877,7.67286728,7.733100411,8.104376959,7.241295627,5.790252041,6.304988951,8.287664905,0,0,0,2,1,1,85,18,2,1.5,0
4.966323322,7.437705545,5.570975712,5.798736201,5.77977025,6.113281258,6.510595218,7.103278783,7.679879959,7.446680467,7.408397716,6.801204979,6.007811548,7.314436247,7.271421537,0,0,0,2,2,0,74,24.14,0,10.833,0
4.175553409,7.52790693,7.363216084,6.258344802,6.366388505,7.312827874,7.846948278,6.742194888,7.371954097,8.330655908,8.45294964,7.507239996,6.172186048,7.06048318,7.374336361,0,0,0,2,1,1,71,22,1,10.75,0
4.588105223,6.985924191,4.985042302,6.291118331,6.032972827,4.875392469,5.231636191,4.509084259,7.67004994,7.828223054,6.692050858,7.011624055,4.626536955,7.29158777,7.457362082,0,0,0,2,1,1,74,19,0,10.75,0
7.176867912,7.613851357,6.938564484,3.895666909,6.443702591,7.616059279,7.22078968,6.764688659,7.763999834,8.642837184,7.978693359,7.504014497,6.036584712,6.727739275,7.858021677,0,0,0,2,1,1,69,14,0,10.75,0
3.735113402,7.795523903,7.521032744,5.516856515,6.853039566,7.132312765,7.040597715,6.578939322,8.040093116,8.223423902,8.8168217,7.484980204,6.774766323,6.810188054,7.849172129,0,0,0,1,1,1,68,10,0,10.667,0
3.907453329,8.058104374,7.184132595,5.722660705,6.59518867,7.726982407,7.679059957,6.89635361,7.744057086,8.187898024,8.456653482,7.458874806,6.556909528,7.324988025,8.090182077,0,0,0,1,1,1,42,20,0,10.75,0
3.958699244,8.010769192,6.005971717,6.200997098,5.062985279,6.67123412,6.361105915,6.653405493,7.839111043,7.794565054,7.831820545,7.143340935,6.488202311,7.163143354,7.442156638,0,0,0,2,1,1,68,17,0,10.667,0
4.020204359,7.706361895,6.26421629,6.365144939,6.577342757,7.113551289,6.686599513,5.720886018,7.678462289,8.114375778,7.894413514,7.354646035,6.118983014,6.968640174,7.691399994,0,1,1,1,0,0,70,11,0,7.917,0
4.413356249,7.653431361,6.56817653,6.049160747,5.134188716,7.18746529,6.788434322,6.505935264,7.610502282,8.472162442,8.129878694,7.335518407,6.163735973,7.204025922,6.975977564,0,0,0,2,1,1,72,27,1,10.75,0
4.052764132,7.816721798,6.695317478,6.244890876,6.121522849,7.070490242,7.35920166,6.056488996,7.415370526,8.531337334,8.132749209,7.430895448,6.137988746,6.878592232,7.651952448,0,0,0,1,1,1,52,13,0,10.667,0
6.060929913,7.895165054,5.905002013,5.855694738,6.117032402,6.34542778,7.423455137,6.049036675,7.727326794,8.542580188,8.249496899,7.695975656,6.211647388,6.935930954,6.763047081,0,0,0,2,1,1,83,12,0,4.833,0
3.92548735,7.791984502,6.849998531,6.163171718,6.311656943,6.886071757,7.303135134,6.352719037,8.126981236,8.782166204,8.294203887,7.480727563,6.508603378,6.420373683,8.027100219,0,1,1,2,1,1,77,22,1,0.583,1
4.01520474,7.943766604,7.17937156,6.123487292,6.258545421,8.019731567,8.357938683,6.403836684,8.393747459,8.915169038,8.185306678,7.191574258,6.369891667,7.040482963,8.36065834,0,0,0,1,1,1,56,22,0,10,1
4.334081742,8.037927753,7.071287644,5.948476655,6.721211971,7.116530818,7.713170727,6.974178416,7.896867297,8.605298828,8.606241245,7.563748375,6.46498063,6.467316333,8.571862506,0,1,1,3,1,1,44,24,1,2.917,1
3.945250692,7.940739814,7.660745284,6.167855805,6.370510843,7.452517509,7.878266635,5.719800105,8.034080069,8.835103401,9.294365413,7.975702105,6.467212825,6.858988481,7.773801867,0,0,0,1,1,1,49,11,0,10.667,0
6.543077584,4.858074361,5.25203093,6.735931547,6.076606473,4.109998724,4.388590405,6.811243215,7.190625671,7.363302044,7.827773397,6.965354428,5.498072944,7.113146642,7.654480771,0,1,1,3,1,0,29,11,1,10.667,0
7.459392928,6.797172127,6.503575871,6.004715933,5.383459145,6.890612689,7.245816861,5.991036278,7.424546599,7.015718562,5.480111732,6.515164578,4.796160286,6.837603795,7.288544943,0,0,0,1,2,0,71,21,0,10.667,0
3.963355331,7.753072233,6.202659865,6.177698337,6.333804833,6.800760747,6.723508506,4.73528245,7.287799166,8.051908596,7.182589596,6.369009253,5.868314652,7.055108462,6.554596498,0,0,0,1,1,1,72,18,0,10.667,0
4.647303286,7.664531899,6.188264714,6.676459722,5.330360955,6.461520484,7.029924353,6.90377671,7.577661392,7.675912777,7.768296906,6.889751592,5.566539879,7.025946227,7.515365048,0,0,0,2,1,1,50,19,1,10.667,0
3.992582933,7.358395695,6.620896455,5.814286079,6.188361034,6.90785813,7.769915942,6.466615866,8.010310919,7.372057901,8.182246983,7.220987377,5.295683198,7.113498632,7.221712257,0,1,1,3,0,0,54,24,0,10.667,0
4.339237891,7.752168653,6.454572008,6.549346607,6.762345189,6.018677653,7.392138254,4.745704861,7.841239981,7.699856473,7.966333898,7.253746304,6.301050338,6.653499378,8.18609998,0,0,0,2,1,1,65,17,1,10.583,0
4.212402994,8.779560689,6.990038315,6.450399101,6.296878929,7.275286326,7.114963697,6.653468689,7.875349215,8.466316409,8.011504167,7.623015169,6.203957862,6.454571931,7.964497275,0,1,1,3,1,0,66,23,0,6.75,1
4.144014065,7.918597905,7.822362559,6.048682246,6.55839176,7.171825196,8.479676598,6.282576058,7.787785487,8.853458467,8.696959177,7.057135088,6.802687507,6.843916419,8.198099904,0,0,0,1,1,1,50,10,0,10.583,0
7.398251979,8.628996235,6.919385759,6.042033105,6.138469226,7.015333956,6.99915356,6.968903523,7.645203279,8.371569131,8.156741021,7.455159429,5.835978742,6.701118265,7.933810772,0,0,0,2,1,1,51,33,1,10.583,0
3.934718832,8.052351892,5.580502724,6.813849518,4.9371257,4.214561886,6.39654544,6.988247786,7.914575303,7.687043672,7.571990057,6.740570043,5.639769083,7.503307088,8.083863968,0,0,0,1,1,0,73,11,0,10.167,0
7.026989719,5.739857698,5.865698048,6.06171111,6.138113845,6.144991046,6.098242618,7.112260718,7.094273913,6.919394445,7.12753055,6.979702667,4.849451905,7.497399912,6.682288882,0,0,0,2,1,1,56,25,0,10.5,0
3.932944399,6.702960168,7.222656957,5.517416922,6.918336136,7.229147734,8.026671179,7.054741562,7.769325005,6.783988764,8.165822257,7.046839606,5.282377274,6.922017376,8.130819732,0,0,0,1,1,1,57,23,0,10.5,0
3.961327396,8.059252502,7.339027016,5.427318404,6.545928774,7.449301996,7.759850769,6.213357827,7.808487126,8.427443813,8.285021094,7.63888485,6.686319884,6.926816654,8.405870817,0,1,1,3,0,0,88,25,2,0.167,0
4.478517571,7.638948577,6.757322756,6.334494865,6.579730209,7.159945173,7.643921631,6.683189056,7.795741239,8.059167896,8.447702636,7.043394081,5.171640707,7.428152633,7.9242176,0,0,0,2,1,1,55,16,0,10.667,0
3.901708263,8.246407039,6.740349729,6.201805774,5.745520712,6.379633363,7.623822737,6.582003548,7.677808639,8.587209854,8.196855634,7.370396052,6.140780657,7.060203387,7.954142386,0,0,0,2,1,1,66,8,0,10.5,0
3.748335285,7.53648029,6.691014871,6.75864168,6.785876948,7.397794247,8.267136746,6.958592802,8.102328187,8.467838902,8.525948142,7.842490959,6.61784689,6.749912615,7.751437907,0,1,1,3,1,0,77,25.25,0,3.583,1
4.057297807,7.836090778,7.251642836,6.112608154,6.10435536,6.807787485,8.141336353,6.532110814,7.839860108,8.131145685,8.411399533,7.888741709,6.548650213,6.961471247,6.964938441,0,0,0,1,1,1,75,9,0,8,0
8.739242128,4.628779579,4.378935063,6.294480503,5.271117297,7.008879702,4.482270598,4.23703683,7.453847267,7.072561246,6.635892209,6.343375684,6.474576804,6.837670267,7.848909026,0,0,0,2,1,1,67,22,0,10.5,0
4.729041216,8.40480183,6.882065554,3.875609276,6.430586812,6.906598543,7.934357182,6.247505893,7.469839958,8.09742475,8.213226455,7.354522604,6.143110606,6.95018634,8.007276028,0,0,0,2,1,1,72,22,0,10.5,0
4.079648585,8.336416692,6.607741469,6.299931173,6.645757644,7.006613037,7.407409938,5.409948442,7.567870198,8.397094017,8.183570981,7.617809667,6.889326169,7.247947175,7.710247582,0,0,0,2,1,1,46,20,1,10.5,0
4.631112395,7.414392336,6.024839486,6.574695179,6.722252798,6.783898818,7.084726886,6.578898323,7.114541884,7.409409408,7.756460641,7.242312972,6.077324168,6.813876357,8.266128359,0,0,0,2,1,1,71,8,0,10.333,0
4.514158058,8.097274664,6.7652059,6.220956444,6.840690251,6.697143746,7.082503962,6.100242056,7.885373927,8.377066311,8.321262702,7.9579171,6.546917943,7.129676112,8.347753572,0,0,0,1,1,1,65,10,0,10.417,0
3.753957473,7.520350429,5.626476963,7.093915732,5.617066775,6.434096382,6.506161144,6.336673292,7.754981631,7.935636086,7.490198881,6.66955695,5.597165902,6.963534861,7.832506872,0,0,0,1,1,1,76,14,0,10.417,0
3.681510816,7.924137066,6.560067078,6.268211368,6.337415991,7.21850176,6.825611681,6.677544973,7.750022457,8.022313687,8.309144859,6.957694868,6.069462021,6.748937649,8.03658588,0,0,0,1,1,1,71,20,0,8.25,1
3.833462171,8.099911519,7.521040277,4.670526339,6.972216879,6.935241139,7.123298027,6.602422799,7.974532627,7.992846387,7.896045603,7.777780547,6.477991399,7.11095426,8.22018857,0,0,0,2,1,1,76,18,0,10.417,0
4.329596731,8.2981824,6.88602939,6.043037943,6.425277337,6.746479526,9.36532385,6.20394153,7.768883503,8.491299422,8.37137673,8.050498587,6.782756779,7.193275017,7.838233827,0,0,0,1,1,1,58,22,0,10.417,0
4.620763595,8.046549421,7.281194507,5.565394218,6.380653539,7.33727705,7.404370635,6.840870962,7.683025967,8.229438901,8.222102991,7.577630696,5.199690503,6.650773562,8.646058927,0,0,0,1,1,1,84,28,0,10.333,0
4.129011704,8.137878583,6.429051662,5.952918973,5.964850714,7.221383481,6.818624944,6.155518914,7.433357464,7.755157921,7.861619672,7.288986871,5.918625118,7.297696139,8.313026477,0,1,1,3,1,0,39,19,1,1.417,1
5.671508793,5.301657334,4.894225375,5.651177469,4.243893374,4.790400686,6.690569925,4.384018222,7.69970939,7.059806129,7.115064115,6.973558652,4.978698153,7.44743531,7.468714278,0,1,1,3,0,0,40,33,1,10.333,0
4.051571359,7.454312968,7.035491754,6.290200257,6.678837562,7.183986809,7.858326254,6.040969443,7.402569556,8.260729665,7.99991512,7.128003623,6.108957601,7.058010056,8.68028924,0,1,1,3,0,0,66,29,1,1.833,1
3.843417791,7.578411089,7.78232386,6.214355989,6.710436569,8.15376751,7.509494422,6.707175353,7.993759609,8.28550913,7.491699459,7.312935168,6.550119477,6.951065223,8.138422044,0,0,0,2,1,1,45,17,0,10.333,0
6.591987275,6.805504514,4.862950217,6.657848058,4.687852463,6.364227914,6.069259391,4.031723377,6.84732459,7.630427429,6.567612984,6.75707398,5.527762808,6.983087833,7.417528019,0,0,0,2,1,1,66,16,0,10.333,0
6.705957507,7.313842558,5.42045417,6.117236004,4.809609547,6.729903057,6.116941038,5.901863954,7.711146463,6.613806121,7.242283619,6.504757429,5.707158529,6.522933727,7.348351987,0,0,0,2,1,1,69,17,0,10.25,0
3.907654473,7.345124472,6.639938662,6.339608256,6.268581384,7.559994131,7.235909531,7.020692473,7.657534908,8.841430999,9.026203626,7.357738311,6.143750923,6.971011826,8.171302331,0,0,0,2,1,1,79,20,0,8.583,0
6.308877392,7.617835991,5.950005131,6.850832723,6.279169778,6.825834187,7.187271668,6.698801483,7.909836144,7.271011239,8.21196727,7.446626093,6.433483281,7.198651624,7.556082341,0,1,1,2,1,1,56,11,0,10.25,0
7.228432843,7.86325603,4.573681241,6.556354104,6.475528256,7.026893798,4.787240245,4.777368791,6.980367045,7.476026976,7.187887122,7.162265199,3.90495775,7.399799619,6.493045854,0,0,0,2,1,1,67,13,1,6.833,0
4.246300021,7.890015484,6.993374742,5.867055947,7.370609194,7.670327183,7.555467274,6.420702422,7.896932953,7.520264399,8.149610968,7.905134848,6.392195493,7.310146963,8.344752696,0,0,0,2,1,1,45,11,0,10.083,0
4.034153023,7.323527081,6.119476688,6.839476491,6.309564561,6.834379061,7.274252358,6.409819198,7.789486967,8.633546794,8.750978823,7.378850314,6.19071669,6.974018252,7.863170085,0,0,0,2,1,1,48,32,1,6.833,1
3.923810266,8.008154893,6.985022304,6.180602206,6.552823685,7.234468008,7.767162759,6.715711753,8.098997642,8.183964251,8.242242784,7.475243208,6.587024689,6.801320491,8.362780076,0,0,0,2,1,1,62,20,0,10,0
3.75367228,8.495390473,6.589449276,6.635941387,6.291814075,6.90283627,8.218375015,6.829360984,7.68570085,8.29418219,8.25976891,7.072829222,6.065449566,6.960997416,7.187187355,0,0,0,2,1,1,88,38,1,10,0
4.04351236,7.982818916,7.029999428,4.703752556,6.285983259,6.577356939,6.95688303,6.228099956,7.675291531,8.30613026,8.110988203,7.266318751,6.031842727,7.070854859,8.440054016,0,0,0,1,1,1,52,20,1,10,0
4.098881899,6.901995986,4.852943474,6.519209972,6.582303513,6.80955345,5.954269914,5.971064925,7.530180745,7.941309992,8.195087302,7.128446345,4.579071832,7.440272949,6.127186222,0,0,0,1,1,1,56,9,0,10.5,0
3.693214499,8.030150798,7.156420307,6.393423131,7.27887077,7.114906837,7.488874967,4.916649993,7.608914105,7.979281428,8.174136753,7.435210609,6.442770111,6.95407442,7.487790407,0,0,0,2,0,0,75,18,0,10,0
4.168224236,7.179551357,6.316700395,6.022074011,6.419121199,7.144046661,6.304150429,6.15923009,7.930486458,8.448106971,8.035142394,6.942246817,6.299799986,6.630452841,8.54291504,0,0,0,2,1,1,51,20,0,10,0
3.94312459,7.624642872,6.859701487,6.416378669,5.677952335,6.76211471,6.08726314,5.66898933,7.883562195,8.250322406,8.011470637,6.693495473,6.090856172,6.556535682,7.872452446,0,0,0,1,1,1,43,25,0,10,0
3.85025031,7.612889729,6.669892363,5.570882549,6.435200742,6.939766221,7.4875618,5.136303453,7.800397148,7.973242476,8.027496291,7.547230493,6.283510955,6.778833916,8.157657026,0,0,0,2,1,1,73,13,0,9.917,0
6.867148923,7.630926636,6.548406205,6.387984202,6.068474204,7.05603713,7.575942381,6.612334926,7.537850987,7.597440591,7.768612823,7.513407179,6.275248759,7.120224994,8.116831392,0,0,0,2,1,1,51,30,1,9.917,0
5.775832775,7.422132575,6.089543019,6.758546749,6.4782237,7.058093087,7.339373706,6.858088848,7.818549523,7.666267749,7.773852278,7.369698002,6.114741355,7.32934657,8.341074047,0,0,0,2,1,1,62,24,0,9.917,0
4.546983965,8.120219469,7.302483687,6.428619703,5.895941808,7.376808172,8.232144029,6.830789736,8.124672304,8.805892697,9.179290884,8.477888766,6.403393038,6.804205356,7.535466739,0,0,0,3,1,0,54,15,0,2.917,1
4.16074572,7.499172009,6.291352684,5.811616119,7.30653096,7.524803816,7.42692062,6.617320072,7.313736017,7.341119172,7.861370061,7.309590066,6.271339326,7.140037032,8.487887282,0,0,0,2,1,1,66,24,0,9.833,0
3.524898818,7.324729592,5.868349961,7.328299671,5.670151477,6.588198095,6.456449145,6.195759714,7.664887284,8.662477699,7.833059472,7.39880492,5.702575539,7.366445083,7.638344111,0,1,1,1,1,1,44,12,0,9.833,0
4.301558147,8.790374082,8.18421896,4.6899273,6.174978167,7.607837059,7.994166971,6.863152353,7.754037121,8.710394245,8.458560437,7.765047039,6.194388181,6.907096956,8.096754016,0,0,0,0,1,1,66,12,0,8,0
3.943511592,7.9676809,6.881667083,6.745201972,6.491548268,7.117198807,6.446013622,6.720325952,7.759469558,8.229354759,7.801366143,7.064318888,5.78634465,7.333476728,8.756093461,0,0,0,1,1,1,51,13,0,10.75,0
4.222191404,7.982718507,7.086288639,5.575319948,6.639540562,7.303448088,8.279420009,6.799914559,7.877064876,8.677841534,8.309450101,7.788061863,6.030090703,7.187016839,8.392012027,0,0,0,2,1,1,45,23,0,6.083,0
4.595850949,7.048377505,7.508824073,5.758786315,6.474656011,7.353106808,8.966749544,7.394760055,7.804669806,8.746123506,8.235548956,7.736236429,6.305132378,6.825320115,7.093471293,0,0,0,2,1,1,46,22,0,10.083,0
4.217148287,5.143731979,5.992123826,5.297575521,4.043307673,5.758152546,5.932366219,5.279194052,7.627127395,7.693527303,7.469299216,6.0664367,4.841321113,7.27044769,6.97345123,0,0,0,1,1,1,52,17,1,10,0
4.194475908,7.042586079,5.558687963,6.081520214,6.301427793,7.086604374,6.946755846,5.08010039,7.860989421,8.958298092,8.191297694,6.654928116,6.434152748,6.885488729,8.051167638,0,0,0,2,1,1,56,22,1,10,0
4.944187014,7.330792694,6.445341552,6.459667934,6.467862309,7.06536443,7.19469506,5.823882716,7.828052931,8.631100409,8.243556519,7.283541902,6.461720949,6.858874334,7.535499223,0,0,0,2,1,1,61,22,1,9.917,0
3.903181613,8.046458342,7.410426329,5.396905815,6.282608024,6.458567024,7.424658706,6.323745033,7.566682295,7.852529188,9.971932897,7.586331871,5.307788847,6.847655068,6.685945724,0,0,0,1,2,0,59,26,0,9.917,0
6.908312073,8.03575771,7.197627942,4.649810212,6.92417711,6.950720228,6.590302803,5.142226931,7.612633988,8.17754676,8.045448469,7.545451626,6.504050401,7.357588338,8.178351492,0,0,0,2,1,1,41,19,1,12.75,0
3.856053899,7.415142725,6.912340449,6.534094891,6.569541464,7.234508707,7.402085032,6.266213949,7.911593715,8.11154901,8.328470014,7.281619984,6.006953617,6.913092351,7.742407766,0,0,0,1,1,1,75,18,0,12.75,0
6.921218297,7.373333326,3.104015381,5.552440198,5.689602262,6.994679753,5.837718959,4.981285553,7.445594267,7.921036816,7.273042049,6.87829279,4.444816214,6.967275315,5.931035706,0,1,1,2,0,0,61,53,1,10.583,0
4.421077894,8.281310728,6.287446869,6.308417226,6.588351988,6.920197272,6.930846526,6.052686814,7.482413113,8.587913638,7.860316939,7.266368996,6.249735086,6.835806716,7.256172551,0,0,0,1,1,1,78,38,2,1.833,0
3.756693714,7.622811091,6.712536143,6.766695473,5.747260575,7.240306043,6.603667596,6.134570352,7.828458251,8.537328466,7.73865747,7.315121529,6.27389029,6.947983946,8.158014665,0,0,0,1,1,1,80,14,0,6.667,1
4.094949882,7.385818612,5.321377344,5.678848979,6.383333877,6.867335659,5.366431799,6.413664592,7.573402145,7.433842141,7.042649809,7.174811303,6.472808149,7.190547838,6.867791948,0,0,0,1,1,1,53,24,0,12.667,0
6.003960889,7.290455563,6.26403709,6.71157457,6.533175392,6.698666725,7.462973739,6.647096975,7.87351927,8.162557577,8.074947463,7.189779517,6.259080951,7.01065966,8.318995765,0,0,0,2,1,1,82,21,1,3.167,1
4.278624939,7.626039207,6.087696803,6.293403359,5.819391945,6.767006301,7.645323568,6.665316375,7.719618624,7.350808003,8.170877558,7.24956258,6.308183762,6.984124262,7.089549595,0,0,0,3,1,0,62,41,1,3.25,0
4.169581939,7.781507823,7.531846356,6.340732214,6.200099284,6.69975804,7.868810375,6.628832091,8.117601665,8.641431182,8.766095464,8.200557535,6.804634479,6.993092176,8.040636281,0,0,0,2,1,1,52,45,1,2.25,1
4.507659137,7.556807198,6.485108962,6.815276489,6.073574373,6.76444119,6.508518607,6.694984858,7.603131318,8.135439339,8.004822804,6.815347,5.721834055,7.348226054,7.825987629,0,1,1,2,1,0,47,8,1,1.333,1
4.650694535,7.302889429,6.525468328,6.85349028,5.769387211,6.871519929,7.380947723,6.914259513,7.509117982,8.689729441,8.318436014,7.739176599,6.103352017,7.228671108,7.245650051,0,0,0,2,1,1,77,36,0,0.917,1
3.88599311,6.578174475,6.458935468,6.340030923,6.212461247,6.041997035,6.593320994,6.154189381,7.604863546,8.110319171,8.123463871,7.766770254,6.500581666,6.862348988,7.669991573,0,0,0,1,1,1,68,14,0,12.5,0
4.120162693,8.10157698,7.721303897,6.378348175,6.433755184,7.55359931,7.969209355,6.457345793,7.999156998,8.795498589,8.64862348,7.621269285,6.629183543,6.778078603,7.707014086,0,0,0,2,1,1,55,24,1,5,1
3.775434865,7.908806957,6.706515925,6.027655813,6.164072915,7.574257097,7.011282874,6.915946694,7.950050789,8.124114394,8.480442808,7.436713535,6.399025103,6.901629433,7.929013195,0,0,0,1,1,1,49,18,0,12.417,0
3.971258784,7.741720361,5.761033533,6.888581768,6.290091592,6.815705877,7.795821378,6.411460982,8.039328425,8.801523936,8.054222162,7.671528087,6.451957811,6.734350821,8.174993869,0,1,1,3,0,0,79,28,1,1.167,1
3.608911725,7.506855019,6.688280484,6.506938203,5.934949055,7.399193571,6.787134188,6.603941029,7.890495498,8.732967904,8.052633335,7.386527714,6.033672921,6.76607063,7.2817095,0,0,0,1,1,1,71,26,1,1.667,1
3.830992453,7.302957255,6.797907166,6.702228005,5.567561609,7.712245886,6.572697073,5.741428558,7.771087808,7.71928129,7.231554529,6.596963312,6.268262989,7.355025635,7.822746618,0,1,1,3,1,0,87,15,2,12,0
3.93775294,7.503968781,7.23003127,5.941009642,6.296180487,7.326974713,7.338899617,6.010157358,7.775087801,8.347235149,8.26289492,7.254329452,4.965949919,6.916276778,7.988870414,0,0,0,1,1,1,55,16,0,12.333,0
6.748994594,6.682324799,5.866956856,5.640675962,5.995775157,6.578479472,6.943429075,5.254681205,8.566885364,8.696418181,8.064106409,7.062830455,6.142330264,7.060590541,8.384150771,0,0,0,1,1,1,56,22,0,12.333,0
4.4925807,8.814471608,7.43266989,5.997878752,6.445794346,7.454310294,7.72592353,7.169654093,7.957601612,8.472587673,8.764805473,7.740881516,6.356776016,7.136074247,8.38305641,0,0,0,2,1,1,69,19,0,11.917,1
4.166190776,7.980115467,7.140035824,6.477195351,5.547003427,6.91923002,8.316398985,4.277247023,7.88868884,8.746822198,8.211867489,7.859579201,6.263690929,7.102996545,6.975252788,0,0,0,2,1,0,75,20,1,1.167,0
7.730087767,4.432079526,5.396371041,4.531451311,6.147547216,5.772930936,5.718830598,4.859007377,6.490413191,6.690607372,4.487641989,6.694624796,4.146266251,7.066698466,6.893619338,0,0,0,2,1,1,84,28,0,12.167,0
4.262039959,7.7028362,6.053229207,6.683454257,6.284583121,5.802486563,7.639308841,6.858767502,7.232130649,7.980551733,7.916417868,7.276825353,5.96472951,7.173481934,7.63898298,0,0,0,2,1,1,86,15,1,2.083,0
3.889419368,7.252882724,7.179856777,5.934638896,5.701131638,6.932956081,8.635553464,6.329760675,7.277881169,8.221686526,8.726351903,7.733499275,6.296374589,6.990423635,8.058841649,0,0,0,2,1,1,36,12,0,12.083,0
3.883955722,8.400236815,6.710024859,6.396103583,6.561573671,6.552440502,7.052235011,5.869001016,8.183156705,8.7103185,8.429897591,7.833796498,6.496939725,7.234669299,8.176719816,0,0,0,2,1,1,63,24,0,12.083,0
3.661417093,7.847524834,7.15045681,6.903667515,5.690349748,7.264311525,7.296068422,7.344024878,7.699355487,8.260211343,8.58802976,7.547729753,6.104480141,7.002438587,7.038787421,0,0,0,1,1,1,58,17,0,11.333,0
4.1030916,7.571172461,6.885073883,6.333661306,6.24482716,7.112764579,7.323002716,6.382574415,7.589892532,8.525557076,8.41927852,7.742618231,6.331660002,6.873030955,7.833068284,0,1,1,3,1,0,76,26,0,2.667,0
4.178046337,8.064171288,6.93990955,5.17267891,5.762739493,7.202142951,7.067210822,6.318914026,7.455794168,8.052247246,8.24753617,7.584875376,5.701566341,7.173462232,7.511175798,0,0,0,2,1,1,63,38,1,0.25,1
4.112012133,7.561212402,7.353567372,7.081058831,6.484375768,6.971236946,7.400616236,6.691734819,7.772060118,7.733465186,7.66640846,6.987996626,6.418955344,7.146708823,7.337714699,0,0,0,2,1,1,71,12,0,11.333,0
